"Name","Username","Password","OU"
"Alice Smith","alice.smith","P@ssw0rd1","IT"
"Bob Johnson","bob.johnson","P@ssw0rd2","Staff"
"Charlie Williams","charlie.williams","P@ssw0rd3","Raamatupidamine"
"David Brown","david.brown","P@ssw0rd4","Kontor"
"Emma Jones","emma.jones","P@ssw0rd5","Töötajad"
"Frank Davis","frank.davis","P@ssw0rd6","IT"
"Grace Miller","grace.miller","P@ssw0rd7","Staff"
"Henry Wilson","henry.wilson","P@ssw0rd8","Raamatupidamine"
"Ivy Taylor","ivy.taylor","P@ssw0rd9","Kontor"
"Jack Anderson","jack.anderson","P@ssw0rd10","Töötajad"
"Katie Thomas","katie.thomas","P@ssw0rd11","IT"
"Leo Jackson","leo.jackson","P@ssw0rd12","Staff"
"Mia White","mia.white","P@ssw0rd13","Raamatupidamine"
"Nathan Harris","nathan.harris","P@ssw0rd14","Kontor"
"Olivia Martinez","olivia.martinez","P@ssw0rd15","Töötajad"
"Peter Garcia","peter.garcia","P@ssw0rd16","IT"
"Quinn Wilson","quinn.wilson","P@ssw0rd17","Staff"
"Rachel Thomas","rachel.thomas","P@ssw0rd18","Raamatupidamine"
"Sam Clark","sam.clark","P@ssw0rd19","Kontor"
"Tina Rodriguez","tina.rodriguez","P@ssw0rd20","Töötajad"
"Ursula Lewis","ursula.lewis","P@ssw0rd21","IT"
"Victor Lee","victor.lee","P@ssw0rd22","Staff"
"Wendy Walker","wendy.walker","P@ssw0rd23","Raamatupidamine"
"Xavier Hill","xavier.hill","P@ssw0rd24","Kontor"
"Yvonne Young","yvonne.young","P@ssw0rd25","Töötajad"
"Zach Moore","zach.moore","P@ssw0rd26","IT"
"Ava Baker","ava.baker","P@ssw0rd27","Staff"
"Benjamin Green","benjamin.green","P@ssw0rd28","Raamatupidamine"
"Chloe Evans","chloe.evans","P@ssw0rd29","Kontor"
"Daniel King","daniel.king","P@ssw0rd30","Töötajad"
"Ella Scott","ella.scott","P@ssw0rd31","IT"
"Freddie Hall","freddie.hall","P@ssw0rd32","Staff"
"Georgia Allen","georgia.allen","P@ssw0rd33","Raamatupidamine"
"Harry Carter","harry.carter","P@ssw0rd34","Kontor"
"Isabella Morris","isabella.morris","P@ssw0rd35","Töötajad"
"Jacob Murphy","jacob.murphy","P@ssw0rd36","IT"
"Kelly Cook","kelly.cook","P@ssw0rd37","Staff"
"Liam Rivera","liam.rivera","P@ssw0rd38","Raamatupidamine"
"Megan Bailey","megan.bailey","P@ssw0rd39","Kontor"
"Nora Foster","nora.foster","P@ssw0rd40","Töötajad"
"Oscar Richardson","oscar.richardson","P@ssw0rd41","IT"
"Paige Gray","paige.gray","P@ssw0rd42","Staff"
"Quentin Long","quentin.long","P@ssw0rd43","Raamatupidamine"
"Ruby Ramirez","ruby.ramirez","P@ssw0rd44","Kontor"
"Sean Price","sean.price","P@ssw0rd45","Töötajad"
"Tessa Reyes","tessa.reyes","P@ssw0rd46","IT"
"Uma Patel","uma.patel","P@ssw0rd47","Staff"
"Vincent Kim","vincent.kim","P@ssw0rd48","Raamatupidamine"
"Willa Mitchell","willa.mitchell","P@ssw0rd49","Kontor"
"Xander Cooper","xander.cooper","P@ssw0rd50","Töötajad"
"Yara Nguyen","yara.nguyen","P@ssw0rd51","IT"
"Zara Perez","zara.perez","P@ssw0rd52","Staff"
"Adam Hill","adam.hill","P@ssw0rd53","Raamatupidamine"
"Bella Turner","bella.turner","P@ssw0rd54","Kontor"
"Charlie Murphy","charlie.murphy","P@ssw0rd55","Töötajad"
"David Rivera","david.rivera","P@ssw0rd56","IT"
"Ella Baker","ella.baker","P@ssw0rd57","Staff"
"Franklin Reed","franklin.reed","P@ssw0rd58","Raamatupidamine"
"Gabriella Cooper","gabriella.cooper","P@ssw0rd59","Kontor"
"Henry Simmons","henry.simmons","P@ssw0rd60","Töötajad"
"Isaac Hayes","isaac.hayes","P@ssw0rd61","IT"
"Jade Adams","jade.adams","P@ssw0rd62","Staff"
"Kylie Diaz","kylie.diaz","P@ssw0rd63","Raamatupidamine"
"Lucas Fisher","lucas.fisher","P@ssw0rd64","Kontor"
"Mia Foster","mia.foster","P@ssw0rd65","Töötajad"
"Nathan Butler","nathan.butler","P@ssw0rd66","IT"
"Olivia Barnes","olivia.barnes","P@ssw0rd67","Staff"
"Peter Nguyen","peter.nguyen","P@ssw0rd68","Raamatupidamine"
"Quinn Collins","quinn.collins","P@ssw0rd69","Kontor"
"Riley Ross","riley.ross","P@ssw0rd70","Töötajad"